FIPS,Tract,Year,IGS,Place,Economy,Community,Net_Occupancy,Real_Estate,Park_Land,Affordable_Housing,Internet_Access,Travel_Time,New_Businesses,Small_Biz_Loans,Min_Women_Biz,Labor_Engagement,Comm_Diversity,Personal_Income,Female_Poverty,Gini,Early_Education,Health_Insurance
22041950100,Franklin_Parish_LA,2017,42.0,44.0,55.0,28.0,58.0,41.0,19.0,93.0,13.0,31.0,71.0,74.0,,48.0,27.0,16.0,27.0,41.0,78.0,13.0
22041950100,Franklin_Parish_LA,2018,42.0,42.0,54.0,28.0,45.0,41.0,19.0,89.0,13.0,39.0,71.0,72.0,,46.0,27.0,19.0,29.0,47.0,55.0,20.0
22041950100,Franklin_Parish_LA,2019,38.0,44.0,32.0,37.0,37.0,65.0,19.0,83.0,9.0,41.0,27.0,30.0,,47.0,27.0,28.0,31.0,56.0,62.0,33.0
22041950100,Franklin_Parish_LA,2020,42.0,40.0,43.0,41.0,35.0,66.0,19.0,62.0,7.0,34.0,61.0,47.0,,39.0,26.0,36.0,31.0,51.0,65.0,37.0
22041950100,Franklin_Parish_LA,2021,34.0,36.0,22.0,44.0,45.0,63.0,19.0,33.0,4.0,18.0,18.0,25.0,,18.0,28.0,40.0,55.0,51.0,21.0,66.0
22041950100,Franklin_Parish_LA,2022,36.0,34.0,32.0,42.0,44.0,42.0,19.0,61.0,5.0,12.0,37.0,51.0,,14.0,24.0,32.0,78.0,52.0,14.0,60.0
22041950100,Franklin_Parish_LA,2023,39.0,33.0,42.5,42.0,41.0,46.0,19.0,56.0,2.0,9.0,73.0,60.0,12.0,14.0,28.0,36.0,69.0,42.0,19.0,59.0
22041950100,Franklin_Parish_LA,2024,35.0,32.0,31.0,42.0,38.0,46.0,19.0,56.0,2.0,9.0,16.0,44.0,20.0,14.0,62.0,36.0,69.0,42.0,19.0,59.0
22041950100,Franklin_Parish_LA,2025,38.0,32.0,40.0,42.0,38.0,46.0,19.0,56.0,2.0,9.0,73.0,44.0,15.0,14.0,36.0,36.0,69.0,42.0,19.0,59.0
